Skenario,Porsi_Data,Akurasi
P1,20%,75.0
P2,40%,81.33333333333333
P3,60%,81.0
P4,80%,80.0
P5,100%,84.66666666666667
