Skenario,Porsi_Data,Akurasi
P1,20%,78.33333333333333
P2,40%,80.83333333333333
P3,60%,80.55555555555556
P4,80%,82.08333333333333
P5,100%,84.33333333333334
