,precision,recall,f1-score,support
negatif,0.8699186991869918,0.823076923076923,0.8458498023715415,130.0
netral,0.7735849056603774,0.8541666666666666,0.8118811881188119,96.0
positif,0.9154929577464789,0.8783783783783784,0.896551724137931,74.0
accuracy,0.8466666666666667,0.8466666666666667,0.8466666666666667,300.0
macro avg,0.8529988541979493,0.8518739893739894,0.8514275715427614,300.0
weighted avg,0.8503335357031486,0.8466666666666667,0.8474863198463775,300.0
