,precision,recall,f1-score,support
negatif,0.8125,0.9,0.8540145985401459,130.0
netral,0.8160919540229885,0.7395833333333334,0.7759562841530054,96.0
positif,0.9420289855072463,0.8783783783783784,0.9090909090909091,74.0
accuracy,0.8433333333333334,0.8433333333333334,0.8433333333333334,300.0
macro avg,0.8568736465100782,0.8393205705705706,0.8463539305946868,300.0
weighted avg,0.8455999083791437,0.8433333333333334,0.8426214278721159,300.0
